{
 "s0_bin_count": 96,
 "ttl": {
  "172.217.1.35": 121,
  "172.217.6.100": 121,
  "172.217.6.14": 121,
  "172.217.8.202": 121,
  "192.168.1.101": 128,
  "192.168.1.105": 128,
  "192.168.1.106": 64,
  "192.168.1.107": 128,
  "192.168.1.108": 128,
  "192.168.1.109": 64,
  "192.168.1.11": 128,
  "192.168.1.120": 128,
  "192.168.1.121": 128,
  "192.168.1.127": 64,
  "192.168.1.13": 128,
  "192.168.1.14": 64,
  "192.168.1.3": 128,
  "192.168.1.31": 128,
  "192.168.1.34": 128,
  "192.168.1.35": 128,
  "192.168.1.36": 128,
  "192.168.1.37": 128,
  "192.168.1.38": 128,
  "192.168.1.39": 128,
  "192.168.1.4": 128,
  "192.168.1.40": 128,
  "192.168.1.42": 128,
  "192.168.1.43": 128,
  "192.168.1.45": 128,
  "192.168.1.46": 128,
  "192.168.1.47": 128,
  "192.168.1.48": 128,
  "192.168.1.49": 128,
  "192.168.1.5": 128,
  "192.168.1.50": 128,
  "192.168.1.51": 128,
  "192.168.1.52": 128,
  "192.168.1.53": 128,
  "192.168.1.54": 128,
  "192.168.1.7": 128,
  "192.168.1.9": 128
 },
 "tcp_out_pkt_gaussians": {
  "mu": [
   8.59085403909835,
   8472.489049116497,
   1059.9409133477673,
   18.64298170866996,
   95.17311540164471
  ],
  "cov": [
   0.912457316265363,
   93669188.15612675,
   436562.66671074065,
   65.47585759636394,
   4417.814690120513
  ]
 },
 "tcp_in_pkt_gaussians": {
  "mu": [
   8.291610035505624,
   44920.9999999999,
   439.5697869443635,
   20.462511770460672,
   3522.9390337681352
  ],
  "cov": [
   5.395148736230797,
   5.529953002929687e-06,
   264502.4840843702,
   106.86328981221322,
   13899484.869315054
  ]
 },
 "udp_out_pkt_gaussians": {
  "mu": [
   2.0,
   4.0,
   6.0,
   12.153846153846152,
   1.0
  ],
  "cov": [
   1e-06,
   1e-06,
   1e-06,
   0.28402466863909376,
   1e-06
  ]
 },
 "udp_in_pkt_gaussians": {
  "mu": [
   2.0,
   0.0,
   4.0,
   3.0,
   1.0
  ],
  "cov": [
   1e-06,
   1e-06,
   1e-06,
   1e-06,
   1e-06
  ]
 }
}