{"s0_bin_count": 96, "ttl": {"192.168.220.15": 60, "192.168.210.5": 60, "192.168.100.2": 63, "192.168.200.3": 61, "192.168.210.3": 60, "0.0.0.0": 60, "192.168.220.14": 61, "192.168.220.3": 60, "192.168.220.4": 61, "192.168.220.8": 62, "192.168.220.16": 62, "192.168.220.11": 61, "192.168.200.5": 62, "192.168.210.2": 63, "192.168.100.6": 61, "192.168.200.8": 62, "192.168.220.2": 61, "192.168.220.7": 63, "192.168.220.6": 63, "192.168.220.13": 61, "192.168.100.5": 60, "192.168.220.5": 63, "192.168.100.4": 61, "192.168.220.10": 60, "192.168.200.4": 61, "192.168.220.12": 62, "192.168.220.9": 60, "192.168.200.9": 60, "192.168.100.3": 61, "192.168.200.2": 63, "192.168.210.4": 63}, "tcp_out_pkt_gaussians": {"mu": [6.844296223485483, 24970.88821906844, 432.8660518315505, 76.99708100443638, 19.398030708313915], "cov": [9.813915532108995, 2105725323.7749667, 128738.70734238594, 2274.1335784034422, 76.9543407573367]}, "tcp_in_pkt_gaussians": {"mu": [6.554071030924068, 13464.624868872776, 294.2902336613261, 62.677909460022036, 19.21111361631016], "cov": [14.047822001116723, 776508902.6808181, 44352.56918525525, 1027.926523182178, 74.69681909623557]}, "udp_out_pkt_gaussians": {"mu": [1.0, 2.0, 4.010452961575199, 3.0000000000000067, 0.0], "cov": [1e-06, 1e-06, 0.028463164259266843, 9.999999840127884e-07, 1e-06]}, "udp_in_pkt_gaussians": {"mu": [1.0, 2.0, 3.0000000000000036, 4.048379752180531, 0.0], "cov": [1e-06, 1e-06, 9.999999786837179e-07, 0.0890646143562098, 1e-06]}}