{"s0_bin_count": 96, "ttl": {"192.168.210.3": 60, "192.168.220.4": 60, "192.168.220.14": 63, "192.168.200.2": 61, "192.168.200.4": 60, "192.168.100.6": 60, "192.168.220.6": 61, "192.168.220.8": 60, "192.168.220.16": 61, "192.168.220.9": 62, "192.168.220.10": 62, "192.168.100.4": 61, "192.168.200.9": 62, "0.0.0.0": 63, "192.168.220.2": 61, "192.168.210.5": 62, "192.168.100.3": 61, "192.168.100.2": 63, "192.168.220.255": 63, "192.168.100.5": 61, "192.168.200.8": 60, "192.168.210.255": 63, "192.168.100.255": 61, "192.168.220.11": 60, "192.168.200.5": 61, "192.168.200.255": 62, "192.168.200.3": 60, "192.168.220.5": 60, "192.168.220.12": 61, "192.168.220.7": 63, "192.168.220.3": 63, "192.168.220.13": 63, "192.168.210.2": 60, "192.168.220.15": 63, "192.168.210.4": 60}, "tcp_out_pkt_gaussians": {"mu": [9.786367454476968, 1068387.9999999977, 3766.7364895973656, 663559.9999999985, 62.90190358329837], "cov": [37.63527703824903, 0.00244240625, 314872497.62955934, 0.00103859765625, 2853.466651681344]}, "tcp_in_pkt_gaussians": {"mu": [8.227635244516154, 1204516.9999999974, 859770.9999999981, 2192.737046485551, 47.237483090684414], "cov": [29.141502436152667, 0.0029306875, 0.0015879140625, 127906074.94383356, 1401.552920105317]}, "udp_out_pkt_gaussians": {"mu": [1.999999999998115, 12.445107883510449, 0.9999999999994859, 39.732782725523855, 4.203137880935382], "cov": [1.0000037698733024e-06, 45.10626242502153, 1.0000005141442827e-06, 1216.5166953482683, 0.6432716646131124]}, "udp_in_pkt_gaussians": {"mu": [2.0000000000000036, 0.999999999999543, 113.99999999999987, 0.0, 3.1317324172315115], "cov": [9.999999928945726e-07, 1.0000004569677969e-06, 1.0000010000145518, 1e-06, 0.1319901893936891]}}